hash,name,cty,age,rank_1,rank_2,rank_3,rank_4,rank_5,rank_6,score_1,score_2,score_3,score_4,score_5,score_6,trans_1,trans_2,trans_3,trans_4,trans_5,trans_6,zscore_1,zscore_2,zscore_3,zscore_4,zscore_5,zscore_6,small_num_adjust,compscore,avg-z_mul-sna_plus-cs
ac3a620c899960cc9e1da1f3d8547945,ALINE WIRZ,CH,,1,2,1,1,1,1,12:15,265,332,28,07:28,01:29,-735.0,265.0,332.0,28.0,-448.0,-89.0,1.155556823657018,0.7649219772727904,1.6284375548050454,1.4907119849998598,0.9224124609646202,1.0047596651601942,0.4472135954999579,0.7956387784681488,1.3149134261206545
3c857b182e5ae0b3e7a65e177145bf9a,JANA GEERTZ,DE,,2,1,3,4,2,3,12:26,280,96,16,08:07,01:34,-746.0,280.0,96.0,16.0,-487.0,-94.0,0.7318526549827781,1.067528473776312,-0.41034898595883107,-0.29814239699997197,0.45922680460041154,0.3494816226644158,0.4472135954999579,0.7956387784681488,0.9372264666317489
117f9d394b2c802476990cfd7be4685d,LAURA FRANK,HU,,5,3,2,2,4,2,13:14,257.5,276,25,08:24,01:33,-794.0,257.5,276.0,25.0,-504.0,-93.0,-1.1170382628684508,0.6136187290210297,1.1446576976746339,1.0434983894999017,0.25732536464678213,0.4805372311635715,0.4472135954999579,0.7956387784681488,0.9762086577916331
dafed208ffa16818db34f16fb6c8a539,RÉKA SIMON,HU,,3,6,6,3,3,4,12:30,157.5,44,18,08:11,01:35,-750.0,157.5,44.0,18.0,-491.0,-95.0,0.577778411828509,-1.4037579143357808,-0.8595731390084987,0.0,0.4117205834348517,0.2184260141652601,0.4472135954999579,0.7956387784681488,0.7169734565328307
f9685d99b153d2a8ada88cba049f18f2,JUDITH  MELCHER ,DE,,4,5,5,5,5,5,12:39,160,54,12,08:36,01:36,-759.0,160.0,54.0,12.0,-516.0,-96.0,0.2311113647314036,-1.3533234982518605,-0.7731838788066395,-0.8944271909999159,0.11480670115010255,0.08737040566610442,0.4472135954999579,0.7956387784681488,0.6027670260178107
912017ebbc63ae3a085931ec8fb46db7,MALIN HENRIKSSON,FI,,6,4,4,6,6,6,13:26,242.5,59,9,11:48,01:53,-806.0,242.5,59.0,9.0,-708.0,-113.0,-1.579260992331258,0.3110122325175081,-0.7299892487057099,-1.3416407864998738,-2.1654919147967706,-2.1405749388195425,0.4472135954999579,0.7956387784681488,0.22574363771421457
