hash,name,cty,age,rank_1,rank_2,rank_3,rank_4,rank_5,rank_6,score_1,score_2,score_3,score_4,score_5,score_6,trans_1,trans_2,trans_3,trans_4,trans_5,trans_6,zscore_1,zscore_2,zscore_3,zscore_4,zscore_5,zscore_6,small_num_adjust,compscore,avg-z_mul-sna_plus-cs
42e9690db3aa1297adae3062dd40854f,ANDERS HAHNE,NO,,1,1,2,1,1,2,910,CAP +232,109,145,02:36,CAP +1673,910.0,232.0,109.0,145.0,-156.0,1673.0,1.7315157698520207,1.3304064709802303,0.8586819322589356,0.9847319278346618,1.2024977770252072,0.8219852943008901,0.3651483716701107,0.6896719369918094,1.1114073014444947
9bf7abcba737bdce93828e8dc072d799,JOURDAN NOEL,FR,,3,2,1,1,2,1,810,CAP +130,117,145,02:53,CAP +1681,810.0,130.0,117.0,145.0,-173.0,1681.0,-0.569501864502824,0.08543894767762947,1.0293516330805874,0.9847319278346618,0.6914362217894942,1.0959803924011866,0.3651483716701107,0.6896719369918094,0.8915647391549706
43c7b3266c8015ba2e83cc749fde3fda,TOM CARD,CA,,2,4,4,3,3,4,811,CAP +1,3,110,03:35,CAP +1610,811.0,1.0,3.0,110.0,-215.0,1610.0,-0.5464916881592756,-1.4890788023815422,-1.4026916036279506,-0.7385489458759964,-0.5711864440869734,-1.3357261032389462,0.3651483716701107,0.6896719369918094,0.3194283100552344
5a3797a60af088b2f5251d9ec502df75,MICHAEL HEUER,DE,,4,3,3,4,4,3,808,CAP +129,46,100,CAP +57,CAP +1632,808.0,129.0,46.0,100.0,-240.0,1632.0,-0.615522217189921,0.0732333837236824,-0.4853419617115723,-1.2309149097933272,-1.3227475547277279,-0.5822395834631304,0.3651483716701107,0.6896719369918094,0.4362873973125378
