hash,name,cty,age,rank_1,rank_2,rank_3,rank_4,rank_5,rank_6,score_1,score_2,score_3,score_4,score_5,score_6,trans_1,trans_2,trans_3,trans_4,trans_5,trans_6,zscore_1,zscore_2,zscore_3,zscore_4,zscore_5,zscore_6,small_num_adjust,compscore,avg-z_mul-sna_plus-cs
e065a3052a3f6570a901e122c7cf5813,FELIX REHDER,DE,,3,1,2,2,1,3,11:15,407.5,284,27,09:59,01:51,-675.0,407.5,284.0,27.0,-599.0,-111.0,0.3274568043229196,1.091842884783001,0.7831302901558059,0.80644670904953,1.3252432038952138,0.5797295226527572,0.4472135954999579,0.9311384766579259,1.2973951874186858
0999e832a6c53e3a7e93647725b40cef,ÁDÁM BAKSZA,HU,,1,2,4,4,2,1,10:59,400,237,21,10:24,01:48,-659.0,400.0,237.0,21.0,-624.0,-108.0,1.0260313202118148,0.6736902906107876,-0.30476498976506705,0.0217958570013388,0.9323845466140241,0.6996735618222932,0.4472135954999579,0.9311384766579259,1.1583834007220677
028599aa91a6c7d30fd72cf29dacb03d,COLIN BOSSHARD,CH,,2,2,1,1,6,6,11:01,400,298,28,CAP +34,CAP +1,-661.0,400.0,298.0,28.0,-780.0,-180.0,0.9387095057257029,0.6736902906107876,1.1071842033237256,0.937221851057562,-1.5190534748205995,-2.17898337824657,0.4472135954999579,0.9311384766579259,0.9280652991901361
fd9ecdea6bc27d065c90ee5646fd6a05,JÓZSEF VIDA-SZÜCS,HU,,5,4,5,3,3,5,11:38,390,235,24,10:51,02:03,-698.0,390.0,235.0,24.0,-651.0,-123.0,-0.6767440622673672,0.11615349838116938,-0.3510584059319127,0.41412128302543444,0.5080971967503393,0.09995336597461332,0.4472135954999579,0.9311384766579259,0.9393763654463708
526d44caff586fb0800e31abd73822a1,KORNÉL HAJÓS,HU,,6,5,3,6,4,2,12:05,375,278,5,11:55,01:50,-725.0,375.0,278.0,5.0,-715.0,-110.0,-1.8555885578298779,-0.7201516899632578,0.644250041655269,-2.070606415127171,-0.4976209658895064,0.6197108690426025,0.4472135954999579,0.9311384766579259,0.6419398508294538
831c8474a8e06a989c038b1f1c68c4a9,ATCHER BAPTISTE,FR,,4,6,6,5,5,4,11:17,355,169,20,12:11,02:01,-677.0,355.0,169.0,20.0,-731.0,-121.0,0.24013498983680773,-1.835225274422494,-1.8787411394378195,-0.10897928500669307,-0.7490505065494678,0.17991605875430397,0.4472135954999579,0.9311384766579259,0.6216707563408415
